DATE,SERIES,OPEN,HIGH,LOW,PREV. CLOSE,LTP,CLOSE,VWAP,52W H,52W L,VOLUME,VALUE,NO. OF  TRADES
25-Jun-2026,EQ,"1,040.00","1,055.40","1,038.55","1,034.60","1,045.20","1,045.40","1,048.87","1,234.70","786.55","1,60,02,360","16,78,44,21,896.90","2,68,790"
24-Jun-2026,EQ,"1,024.00","1,044.50","1,020.50","1,024.20","1,034.50","1,034.60","1,035.57","1,234.70","786.55","1,17,24,076","12,14,11,07,967.10","1,61,067"
23-Jun-2026,EQ,"1,041.00","1,045.50","1,022.35","1,040.75","1,023.60","1,024.20","1,030.97","1,234.70","786.55","1,04,11,004","10,73,34,39,766.00","1,62,889"
22-Jun-2026,EQ,"1,038.00","1,043.00","1,033.60","1,035.10","1,041.00","1,040.75","1,038.00","1,234.70","786.55","62,09,440","6,44,53,80,948.95","1,39,617"
19-Jun-2026,EQ,"1,042.00","1,042.00","1,029.30","1,042.70","1,036.00","1,035.10","1,034.62","1,234.70","781.70","90,99,878","9,41,48,99,536.85","1,16,893"
18-Jun-2026,EQ,"1,027.90","1,045.70","1,024.45","1,026.50","1,042.50","1,042.70","1,038.39","1,234.70","781.70","1,10,48,009","11,47,21,86,219.45","1,81,508"
17-Jun-2026,EQ,"1,017.00","1,028.10","1,013.45","1,015.30","1,026.50","1,026.50","1,021.04","1,234.70","781.70","81,90,062","8,36,23,76,221.65","1,49,867"
16-Jun-2026,EQ,"1,023.80","1,026.55","1,007.40","1,020.85","1,016.05","1,015.30","1,014.02","1,234.70","781.70","96,93,677","9,82,95,55,551.65","1,90,586"
15-Jun-2026,EQ,"1,034.00","1,034.00","1,018.50","1,017.15","1,021.00","1,020.85","1,025.74","1,234.70","781.70","1,24,63,437","12,78,41,90,020.00","2,30,802"
12-Jun-2026,EQ,"1,018.00","1,018.70","1,004.35","1,000.70","1,016.40","1,017.15","1,012.08","1,234.70","781.70","1,10,81,119","11,21,50,18,376.10","1,93,711"
11-Jun-2026,EQ,"998.10","1,009.40","993.00","1,003.25","1,001.10","1,000.70","1,003.38","1,234.70","781.70","1,37,73,978","13,82,04,94,684.50","1,95,579"
10-Jun-2026,EQ,"1,002.70","1,012.40","999.50","1,002.70","1,000.85","1,003.25","1,006.59","1,234.70","781.70","1,91,22,317","19,24,83,43,087.60","2,15,158"
09-Jun-2026,EQ,"985.00","1,009.00","983.00","981.95","1,004.10","1,002.70","998.02","1,234.70","781.70","2,21,42,480","22,09,86,42,356.05","2,70,891"
08-Jun-2026,EQ,"966.00","988.65","965.15","977.70","980.00","981.95","981.33","1,234.70","781.70","1,28,95,416","12,65,46,05,651.45","4,52,384"
05-Jun-2026,EQ,"980.00","992.60","970.60","979.25","977.00","977.70","981.76","1,234.70","781.70","2,09,55,539","20,57,33,51,918.85","2,88,991"
04-Jun-2026,EQ,"969.90","985.80","961.10","970.45","979.25","979.25","977.95","1,234.70","781.70","1,88,75,883","18,45,96,45,864.00","3,41,904"
03-Jun-2026,EQ,"953.75","974.00","937.20","956.65","971.50","970.45","948.57","1,234.70","781.70","2,79,47,005","26,50,95,98,648.70","2,51,452"
02-Jun-2026,EQ,"950.95","961.30","939.90","954.10","960.00","956.65","951.21","1,234.70","781.70","1,59,11,760","15,13,53,70,050.05","2,54,830"
01-Jun-2026,EQ,"966.25","970.25","950.10","964.40","954.50","954.10","959.25","1,234.70","781.70","1,11,18,975","10,66,58,83,396.95","1,70,313"
29-May-2026,EQ,"967.80","973.70","960.30","967.80","965.30","964.40","965.50","1,234.70","781.70","2,22,92,535","21,52,33,52,057.10","2,58,939"
27-May-2026,EQ,"969.80","975.90","966.60","968.50","967.30","967.80","969.93","1,234.70","781.70","81,11,259","7,86,73,78,301.30","1,87,071"
26-May-2026,EQ,"969.90","978.80","962.10","969.60","969.80","968.50","970.57","1,234.70","781.70","1,62,69,800","15,79,09,48,718.10","1,71,204"
25-May-2026,EQ,"959.90","972.50","957.50","949.20","972.30","969.60","963.32","1,234.70","781.70","1,09,34,747","10,53,36,28,661.40","1,82,636"
22-May-2026,EQ,"950.90","958.60","947.70","950.90","949.60","949.20","952.41","1,234.70","779.10","78,07,192","7,43,56,61,813.40","1,42,000"
21-May-2026,EQ,"957.00","960.90","946.50","950.90","950.00","950.90","952.38","1,234.70","779.10","1,17,56,520","11,19,66,37,968.60","1,75,233"
20-May-2026,EQ,"941.10","955.00","935.00","948.80","950.00","950.90","946.20","1,234.70","779.10","1,19,28,460","11,28,67,67,833.50","1,91,643"
19-May-2026,EQ,"942.00","956.60","939.50","939.40","946.90","948.80","947.88","1,234.70","779.10","1,72,80,869","16,38,02,27,268.50","7,49,834"
18-May-2026,EQ,"952.00","954.90","933.90","963.20","938.80","939.40","939.86","1,234.70","779.10","1,65,54,877","15,55,92,79,361.80","6,08,579"
15-May-2026,EQ,"971.20","972.50","957.00","979.90","961.60","963.20","966.70","1,234.70","779.10","2,69,72,493","26,07,43,90,324.80","2,98,397"
14-May-2026,EQ,"973.50","987.00","963.60","970.10","982.30","979.90","977.65","1,234.70","779.10","1,64,87,142","16,11,85,77,818.20","2,60,699"
13-May-2026,EQ,"978.00","981.20","961.20","974.60","971.00","970.10","972.53","1,234.70","779.10","1,75,84,580","17,10,15,94,137.40","3,13,800"
12-May-2026,EQ,"976.90","981.40","962.40","973.60","976.10","974.60","972.20","1,234.70","779.10","2,57,87,092","25,07,01,26,165.50","4,43,183"
11-May-2026,EQ,"1,007.00","1,007.00","971.10","1,019.30","974.90","973.60","980.59","1,234.70","779.10","4,69,27,396","46,01,67,55,311.20","10,16,193"
08-May-2026,EQ,"1,090.00","1,095.00","1,010.90","1,092.00","1,018.40","1,019.30","1,037.45","1,234.70","755.50","4,80,65,909","49,86,58,87,970.40","5,92,384"
07-May-2026,EQ,"1,106.00","1,108.00","1,086.10","1,096.00","1,092.90","1,092.00","1,094.08","1,234.70","755.50","1,61,05,163","17,62,03,07,945.50","2,61,618"
06-May-2026,EQ,"1,072.00","1,101.10","1,061.20","1,059.90","1,099.00","1,096.00","1,078.83","1,234.70","755.50","1,43,84,779","15,51,86,91,513.00","1,96,273"
05-May-2026,EQ,"1,060.60","1,068.50","1,049.40","1,068.40","1,060.00","1,059.90","1,060.29","1,234.70","755.50","1,21,94,631","12,92,98,32,753.60","2,22,176"
04-May-2026,EQ,"1,063.60","1,089.10","1,063.60","1,068.45","1,067.50","1,068.40","1,076.63","1,234.70","755.50","1,16,93,211","12,58,92,90,717.10","1,62,818"
30-Apr-2026,EQ,"1,075.00","1,077.70","1,063.00","1,086.90","1,071.95","1,068.45","1,069.56","1,234.70","755.50","1,42,69,539","15,26,21,34,052.95","2,29,719"
29-Apr-2026,EQ,"1,094.00","1,105.00","1,084.25","1,091.30","1,088.40","1,086.90","1,095.45","1,234.70","755.50","1,06,11,104","11,62,39,09,330.20","1,70,982"
28-Apr-2026,EQ,"1,102.30","1,110.50","1,089.15","1,111.85","1,093.40","1,091.30","1,097.54","1,234.70","755.50","1,07,27,835","11,77,42,70,966.60","1,77,701"
27-Apr-2026,EQ,"1,110.95","1,114.80","1,103.40","1,101.10","1,112.00","1,111.85","1,109.38","1,234.70","755.50","1,16,24,385","12,89,58,62,719.15","1,89,849"
24-Apr-2026,EQ,"1,091.35","1,106.00","1,090.05","1,094.25","1,100.95","1,101.10","1,097.12","1,234.70","755.50","1,37,74,745","15,11,26,01,707.60","1,94,209"
23-Apr-2026,EQ,"1,095.00","1,101.90","1,082.20","1,103.30","1,095.00","1,094.25","1,094.33","1,234.70","755.50","1,36,69,001","14,95,84,31,258.25","1,67,995"
22-Apr-2026,EQ,"1,110.00","1,117.85","1,100.10","1,111.85","1,103.20","1,103.30","1,105.72","1,234.70","755.50","1,24,12,659","13,72,49,65,676.75","1,73,846"
21-Apr-2026,EQ,"1,113.40","1,114.75","1,105.95","1,107.85","1,111.70","1,111.85","1,111.12","1,234.70","755.50","1,69,63,734","18,84,88,12,927.20","2,21,554"
20-Apr-2026,EQ,"1,080.30","1,120.95","1,075.85","1,080.25","1,104.00","1,107.85","1,109.38","1,234.70","755.50","3,11,79,584","34,59,01,40,615.20","4,09,719"
17-Apr-2026,EQ,"1,067.00","1,082.15","1,060.00","1,067.15","1,080.30","1,080.25","1,073.16","1,234.70","755.50","1,68,23,879","18,05,46,41,934.60","1,74,866"
16-Apr-2026,EQ,"1,078.00","1,084.15","1,062.00","1,071.50","1,066.70","1,067.15","1,070.72","1,234.70","755.50","2,03,13,165","21,74,96,45,347.50","2,74,626"
15-Apr-2026,EQ,"1,076.00","1,088.00","1,068.20","1,063.55","1,070.90","1,071.50","1,074.29","1,234.70","755.50","1,61,95,810","17,39,90,74,468.45","2,52,841"
13-Apr-2026,EQ,"1,042.00","1,067.25","1,030.00","1,066.70","1,062.00","1,063.55","1,052.98","1,234.70","755.50","1,77,63,348","18,70,44,99,526.45","2,43,852"
10-Apr-2026,EQ,"1,049.00","1,069.45","1,046.15","1,040.95","1,066.00","1,066.70","1,060.04","1,234.70","730.00","1,78,61,336","18,93,37,89,461.05","2,50,442"
09-Apr-2026,EQ,"1,060.10","1,064.35","1,038.30","1,061.45","1,040.45","1,040.95","1,047.89","1,234.70","730.00","2,47,72,948","25,95,92,68,796.15","3,00,821"
08-Apr-2026,EQ,"1,074.00","1,077.80","1,059.45","1,030.40","1,065.00","1,061.45","1,068.54","1,234.70","730.00","2,85,33,742","30,48,95,01,233.80","3,15,463"
07-Apr-2026,EQ,"1,025.00","1,033.70","1,012.00","1,032.75","1,028.00","1,030.40","1,024.42","1,234.70","730.00","1,50,21,291","15,38,81,04,655.30","2,18,422"
06-Apr-2026,EQ,"1,020.00","1,035.70","1,005.05","1,018.40","1,033.40","1,032.75","1,020.29","1,234.70","730.00","2,35,76,634","24,05,50,71,594.35","3,32,091"
02-Apr-2026,EQ,"1,000.00","1,026.00","977.90","1,017.80","1,018.00","1,018.40","1,000.77","1,234.70","730.00","2,07,77,629","20,79,36,42,441.60","3,88,413"
01-Apr-2026,EQ,"1,008.00","1,031.00","998.45","979.40","1,018.00","1,017.80","1,014.18","1,234.70","730.00","1,74,24,479","17,67,14,92,961.35","2,50,727"
30-Mar-2026,EQ,"1,005.00","1,009.40","975.80","1,019.50","980.80","979.40","988.29","1,234.70","730.00","2,14,38,137","21,18,70,26,528.40","3,14,799"
27-Mar-2026,EQ,"1,051.30","1,055.30","1,013.00","1,060.60","1,019.20","1,019.50","1,032.18","1,234.70","730.00","2,04,45,349","21,10,31,78,751.60","4,44,041"
25-Mar-2026,EQ,"1,043.00","1,065.50","1,043.00","1,030.80","1,062.60","1,060.60","1,057.61","1,234.70","730.00","1,62,05,333","17,13,88,77,668.20","2,51,103"
24-Mar-2026,EQ,"1,055.20","1,059.00","1,020.00","1,031.90","1,038.00","1,030.80","1,035.19","1,234.70","730.00","3,04,16,734","31,48,69,65,633.00","3,10,955"
23-Mar-2026,EQ,"1,039.00","1,045.60","1,014.20","1,058.00","1,030.10","1,031.90","1,031.01","1,234.70","730.00","1,60,39,603","16,53,69,23,041.30","3,35,720"
20-Mar-2026,EQ,"1,058.40","1,085.00","1,054.00","1,048.90","1,058.30","1,058.00","1,068.90","1,234.70","722.30","1,77,48,625","18,97,14,44,649.60","4,97,694"
19-Mar-2026,EQ,"1,049.50","1,059.70","1,041.00","1,069.80","1,052.60","1,048.90","1,049.88","1,234.70","722.30","1,34,31,191","14,10,11,19,020.20","3,76,097"
18-Mar-2026,EQ,"1,067.50","1,075.40","1,061.30","1,064.70","1,069.00","1,069.80","1,067.78","1,234.70","722.30","1,07,49,915","11,47,85,33,827.70","2,40,312"
17-Mar-2026,EQ,"1,073.90","1,073.90","1,047.00","1,066.70","1,063.20","1,064.70","1,059.34","1,234.70","722.30","1,64,27,877","17,40,27,02,221.10","3,20,717"
16-Mar-2026,EQ,"1,048.70","1,073.00","1,036.10","1,047.00","1,063.90","1,066.70","1,055.71","1,234.70","722.30","1,53,22,269","16,17,59,24,213.10","2,57,314"
13-Mar-2026,EQ,"1,077.50","1,081.30","1,042.30","1,085.20","1,046.00","1,047.00","1,056.49","1,234.70","719.05","1,59,78,675","16,88,13,34,704.90","3,26,824"
12-Mar-2026,EQ,"1,075.10","1,098.00","1,070.50","1,091.10","1,085.00","1,085.20","1,080.46","1,234.70","719.05","1,46,14,140","15,79,00,03,178.60","2,90,778"
11-Mar-2026,EQ,"1,113.40","1,115.90","1,088.00","1,112.20","1,090.80","1,091.10","1,101.70","1,234.70","719.05","83,64,878","9,21,55,95,730.70","1,95,732"
10-Mar-2026,EQ,"1,111.10","1,119.90","1,104.50","1,098.50","1,114.00","1,112.20","1,111.52","1,234.70","719.05","1,74,91,459","19,44,21,47,785.60","2,51,051"
09-Mar-2026,EQ,"1,115.00","1,115.00","1,064.30","1,143.00","1,101.60","1,098.50","1,082.98","1,234.70","719.05","2,46,31,198","26,67,50,40,947.80","5,01,841"
06-Mar-2026,EQ,"1,168.50","1,169.30","1,138.00","1,169.50","1,139.80","1,143.00","1,153.49","1,234.70","680.00","2,03,33,328","23,45,43,47,093.10","2,65,693"
05-Mar-2026,EQ,"1,181.00","1,183.20","1,150.60","1,174.50","1,168.50","1,169.50","1,165.03","1,234.70","680.00","2,21,00,665","25,74,78,50,416.00","2,81,615"
04-Mar-2026,EQ,"1,172.10","1,182.70","1,157.60","1,189.90","1,173.30","1,174.50","1,167.00","1,234.70","680.00","1,38,55,065","16,16,89,08,771.70","2,78,411"
02-Mar-2026,EQ,"1,185.00","1,197.30","1,179.40","1,201.70","1,189.50","1,189.90","1,187.73","1,234.70","680.00","1,62,70,835","19,32,53,97,511.40","2,95,263"
27-Feb-2026,EQ,"1,207.00","1,211.80","1,198.60","1,209.50","1,201.80","1,201.70","1,202.73","1,234.70","680.00","1,07,00,355","12,86,96,17,331.00","1,77,264"
26-Feb-2026,EQ,"1,201.00","1,215.40","1,188.90","1,200.10","1,210.50","1,209.50","1,200.90","1,234.70","680.00","1,61,96,052","19,44,98,08,133.20","3,24,026"
25-Feb-2026,EQ,"1,228.10","1,228.10","1,197.50","1,223.30","1,199.30","1,200.10","1,205.52","1,234.70","680.00","1,95,81,100","23,60,54,63,052.30","2,57,788"
24-Feb-2026,EQ,"1,232.00","1,234.70","1,219.70","1,227.80","1,227.00","1,223.30","1,225.16","1,234.70","680.00","1,57,88,449","19,34,33,95,463.90","2,54,767"
23-Feb-2026,EQ,"1,222.00","1,231.10","1,217.10","1,216.10","1,228.90","1,227.80","1,225.65","1,231.10","680.00","97,33,835","11,93,03,12,522.80","2,01,974"
20-Feb-2026,EQ,"1,206.20","1,218.00","1,201.80","1,205.70","1,216.20","1,216.10","1,210.22","1,225.50","680.00","99,58,162","12,05,15,77,245.80","1,99,855"
19-Feb-2026,EQ,"1,222.90","1,224.90","1,199.20","1,218.90","1,203.00","1,205.70","1,211.52","1,225.50","680.00","96,30,899","11,66,80,64,853.60","1,77,689"
18-Feb-2026,EQ,"1,218.80","1,224.10","1,214.00","1,213.40","1,219.20","1,218.90","1,218.94","1,225.50","680.00","1,04,17,264","12,69,80,07,439.70","2,55,363"
17-Feb-2026,EQ,"1,206.10","1,225.50","1,204.10","1,208.10","1,213.60","1,213.40","1,217.00","1,225.50","680.00","2,01,07,196","24,47,04,27,537.50","2,67,679"
16-Feb-2026,EQ,"1,194.00","1,212.30","1,185.30","1,198.60","1,210.70","1,208.10","1,194.69","1,212.30","680.00","1,49,72,739","17,88,78,42,649.00","2,71,610"
13-Feb-2026,EQ,"1,189.00","1,201.00","1,184.50","1,192.40","1,196.30","1,198.60","1,194.68","1,203.70","680.00","1,81,41,390","21,67,31,30,087.90","2,26,098"
12-Feb-2026,EQ,"1,183.00","1,203.70","1,174.80","1,182.90","1,192.00","1,192.40","1,193.67","1,203.70","680.00","3,32,14,985","39,64,75,77,372.20","3,76,330"
11-Feb-2026,EQ,"1,144.70","1,187.50","1,142.80","1,144.10","1,181.10","1,182.90","1,173.34","1,187.50","680.00","2,94,91,859","34,60,39,03,117.40","4,01,532"
10-Feb-2026,EQ,"1,151.00","1,154.00","1,138.10","1,146.00","1,142.20","1,144.10","1,143.87","1,154.00","680.00","1,72,80,036","19,76,61,73,365.40","2,50,192"
09-Feb-2026,EQ,"1,120.00","1,150.00","1,100.50","1,066.40","1,147.80","1,146.00","1,134.48","1,150.00","680.00","4,08,52,966","46,34,66,94,652.10","6,70,729"
06-Feb-2026,EQ,"1,070.00","1,073.60","1,051.00","1,073.50","1,066.00","1,066.40","1,061.27","1,089.80","680.00","70,41,557","7,47,30,00,431.60","1,49,134"
05-Feb-2026,EQ,"1,068.20","1,081.00","1,067.50","1,068.20","1,072.90","1,073.50","1,073.99","1,089.80","680.00","95,51,567","10,25,82,74,381.40","3,07,940"
04-Feb-2026,EQ,"1,064.20","1,073.90","1,056.30","1,064.20","1,067.30","1,068.20","1,068.30","1,089.80","680.00","73,12,276","7,81,17,36,404.20","2,70,312"
03-Feb-2026,EQ,"1,087.00","1,089.80","1,040.30","1,028.70","1,062.10","1,064.20","1,060.86","1,089.80","680.00","1,61,29,381","17,11,10,94,374.70","2,43,054"
02-Feb-2026,EQ,"1,019.90","1,031.30","990.00","1,018.20","1,026.50","1,028.70","1,012.48","1,083.60","680.00","1,44,34,549","14,61,46,79,105.50","3,04,031"
01-Feb-2026,EQ,"1,076.00","1,083.60","988.30","1,077.15","1,020.00","1,018.20","1,037.87","1,083.60","680.00","1,20,51,593","12,50,79,54,389.60","2,87,388"
30-Jan-2026,EQ,"1,064.00","1,082.50","1,060.40","1,066.20","1,077.00","1,077.15","1,074.86","1,082.50","680.00","94,80,769","10,19,04,75,730.05","1,67,283"
29-Jan-2026,EQ,"1,063.00","1,075.00","1,060.30","1,063.50","1,067.25","1,066.20","1,069.34","1,075.00","680.00","1,48,00,724","15,82,69,62,918.10","2,40,283"
28-Jan-2026,EQ,"1,059.40","1,065.60","1,044.15","1,053.15","1,062.65","1,063.50","1,058.02","1,065.60","680.00","1,21,71,257","12,87,73,93,890.40","1,85,549"
27-Jan-2026,EQ,"1,034.10","1,055.00","1,030.25","1,029.50","1,053.00","1,053.15","1,044.18","1,055.50","680.00","1,44,20,630","15,05,77,19,793.40","2,25,915"
23-Jan-2026,EQ,"1,051.90","1,053.00","1,025.60","1,048.35","1,028.40","1,029.50","1,038.67","1,055.50","680.00","1,09,17,698","11,33,98,54,282.00","2,06,940"
22-Jan-2026,EQ,"1,035.00","1,055.50","1,034.05","1,028.65","1,050.20","1,048.35","1,046.47","1,055.50","680.00","1,20,01,641","12,55,93,74,596.45","2,30,274"
21-Jan-2026,EQ,"1,032.00","1,040.60","1,022.00","1,036.40","1,029.45","1,028.65","1,029.89","1,052.00","680.00","74,08,949","7,63,03,93,371.10","1,54,792"
20-Jan-2026,EQ,"1,039.75","1,052.00","1,033.05","1,038.40","1,034.25","1,036.40","1,040.41","1,052.00","680.00","89,05,718","9,26,56,15,104.20","1,94,593"
19-Jan-2026,EQ,"1,035.00","1,043.60","1,034.00","1,042.30","1,038.50","1,038.40","1,039.62","1,047.45","680.00","54,60,164","5,67,64,88,821.30","1,50,416"
16-Jan-2026,EQ,"1,032.00","1,047.45","1,028.40","1,028.35","1,040.60","1,042.30","1,039.49","1,047.45","680.00","1,10,51,580","11,48,79,65,930.15","2,47,268"
14-Jan-2026,EQ,"1,030.00","1,030.40","1,020.50","1,028.45","1,030.00","1,028.35","1,026.09","1,030.40","680.00","73,70,514","7,56,27,77,097.55","1,31,534"
13-Jan-2026,EQ,"1,022.80","1,029.50","1,016.00","1,015.15","1,028.50","1,028.45","1,025.20","1,029.50","680.00","1,10,16,895","11,29,44,65,857.40","1,65,775"
12-Jan-2026,EQ,"1,008.00","1,017.25","996.00","1,000.50","1,014.50","1,015.15","1,006.21","1,024.00","680.00","76,17,922","7,66,52,02,773.25","1,61,160"
09-Jan-2026,EQ,"996.00","1,008.00","994.00","998.00","1,000.05","1,000.50","1,001.78","1,024.00","680.00","78,09,460","7,82,33,67,726.70","1,27,785"
08-Jan-2026,EQ,"1,006.60","1,011.60","995.85","1,007.15","997.60","998.00","1,001.81","1,024.00","680.00","68,54,268","6,86,66,84,538.70","1,84,563"
07-Jan-2026,EQ,"1,022.70","1,022.70","1,004.00","1,018.90","1,006.90","1,007.15","1,009.83","1,024.00","680.00","78,96,720","7,97,43,67,341.70","1,40,422"
06-Jan-2026,EQ,"1,007.95","1,024.00","1,004.95","1,005.55","1,018.05","1,018.90","1,018.15","1,024.00","680.00","95,75,742","9,74,95,19,544.45","2,23,012"
05-Jan-2026,EQ,"1,000.00","1,015.50","1,000.00","998.95","1,005.40","1,005.55","1,007.59","1,015.50","680.00","1,12,59,060","11,34,45,53,289.35","1,83,843"
02-Jan-2026,EQ,"984.50","1,009.50","983.95","984.75","1,005.65","998.95","993.34","1,009.50","680.00","73,57,435","7,30,83,98,803.40","1,17,850"
01-Jan-2026,EQ,"983.20","987.65","980.35","982.20","984.60","984.75","984.57","999.00","680.00","43,28,348","4,26,15,71,218.05","95,120"
31-Dec-2025,EQ,"975.25","985.65","973.50","973.45","982.40","982.20","982.00","999.00","680.00","58,07,630","5,70,30,85,644.85","1,09,225"
30-Dec-2025,EQ,"963.00","976.20","959.50","965.05","973.10","973.45","971.99","999.00","680.00","1,50,30,644","14,60,96,77,358.80","2,21,265"
29-Dec-2025,EQ,"966.90","968.90","961.45","966.30","965.70","965.05","965.03","999.00","680.00","52,67,233","5,08,30,23,420.70","1,43,589"
26-Dec-2025,EQ,"968.95","971.00","964.75","968.95","966.50","966.30","967.50","999.00","680.00","32,86,321","3,17,95,13,466.20","1,01,940"
24-Dec-2025,EQ,"973.20","977.30","967.50","971.90","968.85","968.95","972.14","999.00","680.00","41,05,643","3,99,12,79,807.90","1,27,471"
23-Dec-2025,EQ,"976.30","977.55","970.70","974.30","971.25","971.90","973.41","999.00","680.00","51,23,287","4,98,70,59,431.55","1,42,849"
22-Dec-2025,EQ,"981.10","983.00","972.55","980.30","974.50","974.30","975.83","999.00","680.00","59,59,037","5,81,50,17,507.75","1,72,900"
19-Dec-2025,EQ,"979.95","982.00","977.05","977.55","980.00","980.30","979.90","999.00","680.00","53,76,584","5,26,85,18,860.00","1,05,980"
18-Dec-2025,EQ,"977.90","981.45","973.50","975.85","976.50","977.55","977.85","999.00","680.00","49,26,879","4,81,77,42,809.15","1,23,255"
17-Dec-2025,EQ,"965.55","978.50","964.30","961.15","976.35","975.85","974.78","999.00","680.00","80,13,382","7,81,13,01,076.05","1,57,698"
16-Dec-2025,EQ,"966.05","969.00","958.05","967.25","960.00","961.15","963.41","999.00","680.00","47,64,786","4,59,04,46,166.50","1,61,741"
15-Dec-2025,EQ,"957.25","968.85","957.25","963.15","966.10","967.25","964.79","999.00","680.00","44,16,952","4,26,14,35,766.60","1,36,982"
12-Dec-2025,EQ,"966.00","967.00","958.00","963.25","962.60","963.15","961.54","999.00","680.00","56,81,930","5,46,34,20,185.10","1,29,140"
11-Dec-2025,EQ,"962.10","966.50","958.45","959.75","962.60","963.25","962.82","999.00","680.00","59,79,035","5,75,67,26,765.50","1,54,525"
10-Dec-2025,EQ,"960.10","963.95","955.25","959.35","958.00","959.75","958.76","999.00","680.00","69,89,178","6,70,09,63,054.35","1,30,262"
09-Dec-2025,EQ,"954.80","964.00","950.45","956.40","960.50","959.35","959.08","999.00","680.00","95,80,294","9,18,83,00,245.95","1,96,017"
08-Dec-2025,EQ,"970.85","972.50","951.70","971.50","955.40","956.40","957.71","999.00","680.00","1,53,86,438","14,73,57,61,731.15","2,01,129"
05-Dec-2025,EQ,"948.85","973.30","946.70","948.10","971.70","971.50","961.57","999.00","680.00","1,73,47,847","16,68,12,38,338.60","1,90,193"
04-Dec-2025,EQ,"951.05","952.55","944.45","951.05","948.80","948.10","947.46","999.00","680.00","1,36,22,724","12,90,70,04,315.15","2,72,677"
03-Dec-2025,EQ,"970.45","972.55","947.55","967.30","950.80","951.05","952.61","999.00","680.00","1,40,51,968","13,38,59,90,295.85","2,33,255"
02-Dec-2025,EQ,"976.00","980.45","964.90","973.10","969.90","967.30","973.23","999.00","680.00","1,34,44,314","13,08,43,53,756.45","1,77,697"
01-Dec-2025,EQ,"985.45","991.20","969.85","979.00","972.60","973.10","979.16","999.00","680.00","88,08,306","8,62,47,52,864.45","2,37,856"
28-Nov-2025,EQ,"976.80","983.00","973.05","972.85","976.35","979.00","978.89","999.00","680.00","81,17,842","7,94,64,40,355.00","1,50,394"
27-Nov-2025,EQ,"986.70","988.55","968.90","983.90","973.00","972.85","975.62","999.00","680.00","1,19,09,168","11,61,88,05,034.20","1,74,267"
26-Nov-2025,EQ,"986.60","999.00","982.15","983.60","983.05","983.90","989.40","999.00","680.00","1,39,43,490","13,79,56,95,016.85","1,78,538"
25-Nov-2025,EQ,"975.55","988.95","971.35","970.60","983.50","983.60","983.32","988.95","680.00","91,40,201","8,98,77,62,034.90","2,07,975"
24-Nov-2025,EQ,"975.55","977.70","968.05","972.60","969.70","970.60","972.30","986.60","680.00","99,01,946","9,62,76,96,202.40","1,12,062"
21-Nov-2025,EQ,"979.70","980.60","971.05","981.55","972.45","972.60","975.11","986.60","680.00","53,77,241","5,24,34,09,986.15","1,13,553"
20-Nov-2025,EQ,"986.00","986.60","979.35","982.75","981.05","981.55","982.12","986.60","680.00","64,40,857","6,32,56,85,464.10","1,39,178"
19-Nov-2025,EQ,"972.45","984.45","968.80","972.45","980.50","982.75","979.31","984.45","680.00","82,91,226","8,11,96,87,856.80","1,42,097"
18-Nov-2025,EQ,"975.60","976.70","968.85","973.35","971.30","972.45","972.74","976.70","680.00","65,94,686","6,41,49,42,374.65","1,07,945"
17-Nov-2025,EQ,"971.00","976.00","968.50","967.85","973.00","973.35","973.09","976.00","680.00","74,15,026","7,21,54,88,915.05","1,17,287"
14-Nov-2025,EQ,"952.95","969.05","952.00","954.00","967.95","967.85","962.38","971.40","680.00","1,10,32,927","10,61,78,44,264.95","1,91,862"
13-Nov-2025,EQ,"954.25","963.95","952.45","957.15","954.90","954.00","957.93","971.40","680.00","88,94,441","8,52,02,61,380.70","1,64,831"
12-Nov-2025,EQ,"957.70","961.55","951.40","953.30","953.70","957.15","958.12","971.40","680.00","70,43,323","6,74,83,39,960.10","1,35,063"
11-Nov-2025,EQ,"953.60","954.95","945.05","951.15","954.00","953.30","951.16","971.40","680.00","86,48,917","8,22,64,98,757.95","1,94,994"
10-Nov-2025,EQ,"956.00","963.20","949.10","955.85","950.55","951.15","952.71","971.40","680.00","73,43,249","6,99,59,81,463.75","1,52,876"
07-Nov-2025,EQ,"958.75","964.85","944.00","960.75","954.80","955.85","955.55","971.40","680.00","1,33,71,323","12,77,70,09,240.45","2,13,279"
06-Nov-2025,EQ,"969.65","971.40","955.30","957.60","959.85","960.75","962.26","971.40","680.00","2,30,88,096","22,21,66,70,805.60","2,95,608"
04-Nov-2025,EQ,"951.00","959.30","941.50","949.70","954.60","957.60","951.24","959.30","680.00","1,91,54,518","18,22,05,10,218.85","2,74,272"
03-Nov-2025,EQ,"938.75","953.40","937.50","937.00","948.60","949.70","948.05","953.40","680.00","1,17,44,735","11,13,46,10,778.15","2,57,905"
31-Oct-2025,EQ,"934.90","946.70","930.25","934.35","937.50","937.00","939.16","946.70","680.00","1,20,78,252","11,34,33,69,670.65","2,61,943"
30-Oct-2025,EQ,"939.45","944.90","933.05","939.75","934.50","934.35","938.89","944.90","680.00","1,30,44,473","12,24,72,65,996.75","2,48,310"
29-Oct-2025,EQ,"933.90","942.05","930.25","930.25","939.00","939.75","937.90","942.05","680.00","1,23,14,222","11,54,94,98,004.30","2,38,682"
28-Oct-2025,EQ,"927.10","935.85","917.70","922.75","930.50","930.25","927.38","935.85","680.00","2,20,66,289","20,46,37,62,333.00","3,33,815"
27-Oct-2025,EQ,"906.95","928.00","906.00","904.50","926.90","922.75","918.09","928.00","680.00","91,50,761","8,40,12,63,077.15","1,79,901"
24-Oct-2025,EQ,"910.95","914.10","900.95","911.55","904.00","904.50","905.66","918.00","680.00","53,13,227","4,81,19,92,307.85","1,73,275"
23-Oct-2025,EQ,"912.00","918.00","904.80","907.85","909.10","911.55","913.11","918.00","680.00","1,33,82,769","12,21,99,45,497.55","3,38,233"
21-Oct-2025,EQ,"908.00","910.00","906.40","907.50","907.05","907.85","907.99","913.65","680.00","17,83,576","1,61,94,77,226.40","51,138"
20-Oct-2025,EQ,"894.60","913.65","891.05","889.15","907.00","907.50","905.33","913.65","680.00","1,35,46,463","12,26,40,27,405.35","2,41,758"
17-Oct-2025,EQ,"887.50","894.75","883.00","886.95","888.00","889.15","888.75","894.75","680.00","85,11,854","7,56,49,50,031.25","2,31,474"
16-Oct-2025,EQ,"888.30","891.85","882.45","886.10","886.20","886.95","887.32","891.85","680.00","84,93,686","7,53,65,87,997.50","2,69,552"
15-Oct-2025,EQ,"878.10","887.50","877.05","876.95","886.90","886.10","884.42","888.10","680.00","82,69,225","7,31,35,05,128.55","2,46,174"
14-Oct-2025,EQ,"883.00","884.15","872.10","882.95","876.00","876.95","876.97","888.10","680.00","76,81,973","6,73,68,96,799.30","1,34,593"
13-Oct-2025,EQ,"879.00","888.10","876.00","880.65","884.00","882.95","884.03","888.10","680.00","1,19,23,143","10,54,03,93,655.95","1,98,375"
10-Oct-2025,EQ,"862.10","883.75","861.30","862.10","881.25","880.65","879.53","883.75","680.00","1,37,13,015","12,06,10,33,018.65","1,91,535"
09-Oct-2025,EQ,"861.60","865.80","858.10","858.25","861.40","862.10","861.48","880.50","680.00","70,20,501","6,04,80,14,878.90","1,21,377"
08-Oct-2025,EQ,"866.80","867.80","857.25","864.70","857.30","858.25","860.69","880.50","680.00","71,56,112","6,15,92,18,647.30","1,29,510"
07-Oct-2025,EQ,"874.15","877.00","863.00","874.05","864.15","864.70","868.32","880.50","680.00","92,42,580","8,02,55,23,526.10","1,67,126"
06-Oct-2025,EQ,"868.00","875.30","862.80","867.30","873.80","874.05","868.71","880.50","680.00","78,20,352","6,79,36,31,063.50","1,64,571"
03-Oct-2025,EQ,"865.15","873.00","863.80","864.10","867.70","867.30","867.43","880.50","680.00","80,19,442","6,95,62,90,461.70","1,54,834"
01-Oct-2025,EQ,"872.30","876.45","862.80","872.45","865.15","864.10","866.79","880.50","680.00","1,08,32,384","9,38,94,46,664.65","2,18,205"
30-Sep-2025,EQ,"869.95","877.60","867.60","870.75","873.70","872.45","873.54","880.50","680.00","1,28,31,593","11,20,88,95,455.70","2,05,386"
29-Sep-2025,EQ,"858.05","873.50","856.00","856.95","870.25","870.75","868.13","880.50","680.00","2,26,41,712","19,65,59,96,220.15","1,92,001"
26-Sep-2025,EQ,"862.00","864.35","853.00","861.15","857.00","856.95","857.34","880.50","680.00","69,59,545","5,96,66,77,885.80","1,58,616"
25-Sep-2025,EQ,"866.55","870.15","859.95","866.20","861.45","861.15","864.66","880.50","680.00","86,78,821","7,50,41,97,402.95","1,90,936"
24-Sep-2025,EQ,"876.00","880.50","864.45","870.60","866.15","866.20","872.28","880.50","680.00","1,28,40,160","11,20,02,49,246.85","2,19,731"
23-Sep-2025,EQ,"854.60","874.25","851.20","855.25","869.60","870.60","866.65","875.45","680.00","1,43,57,863","12,44,31,85,268.45","2,18,373"
22-Sep-2025,EQ,"862.00","868.20","854.00","862.35","854.70","855.25","860.89","875.45","680.00","65,94,034","5,67,67,37,180.15","1,58,066"
19-Sep-2025,EQ,"852.00","864.45","849.30","854.35","862.55","862.35","861.00","875.45","680.00","1,52,06,426","13,09,27,18,216.85","2,46,465"
18-Sep-2025,EQ,"858.65","860.80","851.10","857.15","854.10","854.35","855.42","875.45","680.00","1,04,00,847","8,89,70,51,776.00","2,61,925"
17-Sep-2025,EQ,"834.30","858.15","831.00","831.55","856.90","857.15","847.27","875.45","680.00","1,72,43,938","14,61,03,49,915.40","2,40,034"
16-Sep-2025,EQ,"825.10","833.00","821.65","824.75","832.65","831.55","829.33","875.45","680.00","94,67,531","7,85,17,53,614.45","1,76,946"
15-Sep-2025,EQ,"823.55","827.80","821.10","823.55","824.00","824.75","824.82","875.45","680.00","38,52,494","3,17,76,18,594.55","1,12,933"
12-Sep-2025,EQ,"824.10","825.80","819.80","823.65","823.20","823.55","822.85","875.45","680.00","50,78,018","4,17,84,28,627.05","97,209"
11-Sep-2025,EQ,"819.10","825.70","819.00","818.20","824.60","823.65","823.20","875.45","680.00","74,25,055","6,11,22,87,855.00","1,27,782"
10-Sep-2025,EQ,"812.00","824.60","810.40","808.85","818.45","818.20","818.64","875.45","680.00","72,85,853","5,96,44,83,743.85","1,06,322"
09-Sep-2025,EQ,"812.00","812.35","805.60","808.80","808.00","808.85","808.44","875.45","680.00","45,67,272","3,69,23,46,687.10","1,04,998"
08-Sep-2025,EQ,"808.00","813.85","806.80","806.60","808.00","808.80","810.20","875.45","680.00","46,14,227","3,73,84,54,020.95","1,21,620"
05-Sep-2025,EQ,"811.50","812.50","803.65","809.40","806.95","806.60","807.29","875.45","680.00","51,94,842","4,19,37,21,391.00","1,02,729"
04-Sep-2025,EQ,"814.65","816.75","808.00","812.15","809.85","809.40","811.23","875.45","680.00","44,71,950","3,62,77,64,983.40","96,652"
03-Sep-2025,EQ,"804.30","813.30","803.00","803.90","813.00","812.15","810.40","875.45","680.00","42,61,589","3,45,35,82,134.40","87,672"
02-Sep-2025,EQ,"806.30","810.50","802.65","806.05","803.75","803.90","806.45","875.45","680.00","50,75,460","4,09,31,29,116.75","1,06,989"
01-Sep-2025,EQ,"803.10","808.30","802.65","802.50","805.50","806.05","805.30","875.45","680.00","56,19,805","4,52,56,56,654.45","1,28,697"
29-Aug-2025,EQ,"800.70","806.70","798.50","801.95","802.40","802.50","803.00","875.45","680.00","68,61,440","5,50,97,12,391.70","1,27,449"
28-Aug-2025,EQ,"807.25","811.00","800.65","807.85","802.90","801.95","806.19","875.45","680.00","78,98,436","6,36,76,29,468.00","1,63,534"
26-Aug-2025,EQ,"814.85","815.85","806.75","816.45","808.40","807.85","810.30","875.45","680.00","69,97,817","5,67,03,32,537.10","1,27,200"
25-Aug-2025,EQ,"817.45","820.50","814.20","816.25","816.50","816.45","817.57","875.45","680.00","56,72,898","4,63,79,81,705.05","1,76,881"
22-Aug-2025,EQ,"824.00","826.00","815.70","825.70","816.80","816.25","819.33","875.45","680.00","50,97,647","4,17,66,41,494.85","1,41,389"
21-Aug-2025,EQ,"828.95","833.25","824.05","828.95","824.05","825.70","828.67","875.45","680.00","44,02,511","3,64,82,16,255.50","1,08,762"
20-Aug-2025,EQ,"828.70","831.90","827.40","830.40","828.90","828.95","829.56","875.45","680.00","44,93,888","3,72,79,70,038.65","89,785"
19-Aug-2025,EQ,"827.50","831.00","825.80","827.65","829.15","830.40","829.06","875.45","680.00","50,76,681","4,20,88,57,802.10","1,10,280"
18-Aug-2025,EQ,"836.00","838.00","825.15","826.55","826.20","827.65","829.82","875.45","680.00","61,38,124","5,09,35,38,559.75","1,36,179"
14-Aug-2025,EQ,"822.00","828.00","819.10","821.85","825.50","826.55","826.02","875.45","680.00","70,87,573","5,85,44,78,307.95","1,52,716"
13-Aug-2025,EQ,"822.65","824.95","820.65","820.60","821.55","821.85","822.38","875.45","680.00","44,47,508","3,65,75,29,878.05","85,625"
12-Aug-2025,EQ,"824.95","825.50","820.00","823.45","821.10","820.60","823.09","875.45","680.00","79,86,728","6,57,37,58,560.40","2,24,361"
11-Aug-2025,EQ,"808.00","825.00","808.00","804.30","820.80","823.45","820.82","875.45","680.00","1,52,36,297","12,50,62,19,350.05","2,87,439"
08-Aug-2025,EQ,"805.00","807.80","790.00","805.15","802.50","804.30","801.59","875.45","680.00","1,57,08,181","12,59,15,58,509.55","2,77,397"
07-Aug-2025,EQ,"801.10","806.65","793.40","805.15","805.60","805.15","799.81","875.45","680.00","70,91,392","5,67,17,67,724.35","1,34,092"
06-Aug-2025,EQ,"800.95","810.20","799.00","800.60","804.80","805.15","804.39","875.45","680.00","74,09,396","5,96,00,18,370.35","1,20,510"
05-Aug-2025,EQ,"798.00","804.05","796.30","795.70","800.50","800.60","800.20","875.45","680.00","73,81,537","5,90,66,92,588.80","1,74,330"
04-Aug-2025,EQ,"794.50","797.20","786.55","794.00","796.80","795.70","792.44","875.45","680.00","88,20,724","6,98,98,58,237.10","1,69,176"
01-Aug-2025,EQ,"795.70","801.00","792.00","796.55","792.95","794.00","795.49","889.10","680.00","1,54,68,391","12,30,49,83,591.85","1,80,563"
31-Jul-2025,EQ,"795.10","803.80","792.55","801.65","796.00","796.55","798.31","889.10","680.00","1,13,59,112","9,06,80,69,397.05","1,85,101"
30-Jul-2025,EQ,"798.95","803.40","796.20","799.20","800.00","801.65","800.75","889.10","680.00","87,43,723","7,00,15,26,821.20","1,19,582"
29-Jul-2025,EQ,"796.20","800.00","793.10","797.15","798.85","799.20","797.21","889.10","680.00","78,33,759","6,24,51,23,153.40","1,33,563"
28-Jul-2025,EQ,"806.55","808.95","796.00","806.55","796.55","797.15","801.77","889.10","680.00","77,34,158","6,20,10,51,607.25","2,43,443"
25-Jul-2025,EQ,"815.00","819.20","805.50","815.70","805.90","806.55","810.72","895.00","680.00","67,34,439","5,45,97,44,200.85","1,55,026"
24-Jul-2025,EQ,"820.00","821.95","810.65","820.65","816.50","815.70","815.53","895.00","680.00","1,01,18,309","8,25,17,55,595.70","1,97,128"
23-Jul-2025,EQ,"812.50","825.20","811.50","815.00","820.05","820.65","817.03","895.00","680.00","1,54,70,390","12,63,97,61,432.95","2,21,637"
22-Jul-2025,EQ,"827.50","828.05","814.00","824.20","814.65","815.00","819.53","895.00","680.00","78,51,163","6,43,42,96,996.25","1,46,969"
21-Jul-2025,EQ,"823.00","827.35","817.95","823.35","824.60","824.20","823.65","895.00","680.00","88,52,594","7,29,14,70,527.50","1,46,624"
18-Jul-2025,EQ,"832.00","832.65","820.25","829.00","823.00","823.35","823.40","899.00","680.00","1,53,87,801","12,67,02,69,957.10","1,77,062"
17-Jul-2025,EQ,"838.40","842.50","826.35","831.70","828.75","829.00","834.43","899.00","680.00","2,30,73,718","19,25,33,23,758.60","2,67,805"
16-Jul-2025,EQ,"816.00","834.20","815.30","816.45","830.50","831.70","827.89","899.00","680.00","1,64,58,920","13,62,62,44,060.15","2,87,903"
15-Jul-2025,EQ,"811.00","821.00","810.50","808.85","816.40","816.45","816.69","899.00","680.00","92,97,645","7,59,32,79,897.10","1,63,000"
14-Jul-2025,EQ,"809.80","815.50","808.00","808.65","809.10","808.85","810.60","899.00","680.00","69,38,635","5,62,44,60,859.00","1,12,079"
11-Jul-2025,EQ,"807.55","812.55","804.55","808.00","808.60","808.65","808.72","899.00","680.00","62,02,372","5,01,59,55,117.90","1,43,253"
10-Jul-2025,EQ,"811.30","815.50","806.90","810.95","807.55","808.00","810.53","899.00","680.00","1,21,78,137","9,87,07,66,879.95","1,71,580"
09-Jul-2025,EQ,"810.00","812.45","809.00","812.65","811.00","810.95","810.91","899.00","680.00","40,99,112","3,32,39,95,623.60","1,71,040"
08-Jul-2025,EQ,"807.90","813.55","805.35","806.85","812.25","812.65","809.46","899.00","680.00","59,35,770","4,80,47,95,680.55","1,52,435"
07-Jul-2025,EQ,"811.20","812.65","805.15","811.85","807.00","806.85","807.71","899.00","680.00","44,61,783","3,60,38,40,471.15","1,10,862"
04-Jul-2025,EQ,"808.75","813.85","804.10","807.10","811.25","811.85","808.47","899.00","680.00","43,19,538","3,49,22,04,634.35","96,453"
03-Jul-2025,EQ,"813.50","814.50","805.80","812.90","807.00","807.10","809.78","899.00","680.00","70,20,403","5,68,49,73,436.05","1,37,793"
02-Jul-2025,EQ,"821.00","824.05","809.00","820.30","812.70","812.90","814.81","899.00","680.00","66,61,200","5,42,75,83,829.55","1,21,545"
01-Jul-2025,EQ,"820.00","824.90","813.25","820.35","820.20","820.30","819.76","899.00","680.00","1,14,56,405","9,39,14,84,331.05","1,57,197"
30-Jun-2025,EQ,"809.00","821.00","807.05","805.40","819.85","820.35","816.64","899.00","680.00","1,96,52,607","16,04,91,37,157.55","2,49,562"
27-Jun-2025,EQ,"805.00","809.45","802.65","797.05","804.55","805.40","805.86","899.00","680.00","1,93,75,990","15,61,42,54,535.75","2,62,127"
26-Jun-2025,EQ,"802.00","803.35","791.40","800.05","796.05","797.05","795.08","899.00","680.00","2,47,04,402","19,64,19,48,457.00","2,08,543"